location_id,vehicle_id,latitude,longitude,speed_kmh,timestamp,status
LOC_0001,VH_003,6.472169,3.366627,41.9,2024-04-02 02:33:00,Moving
LOC_0002,VH_012,6.517136,3.388054,20.3,2024-01-05 11:50:00,Moving
LOC_0003,VH_019,6.503441,3.493176,58.8,2024-03-26 04:02:00,Idle
LOC_0004,VH_015,6.563804,3.525404,78.5,2024-05-02 20:11:00,Stopped
LOC_0005,VH_010,6.41893,3.510476,16.1,2024-02-21 01:20:00,Idle
LOC_0006,VH_009,6.554615,3.595649,2.9,2024-06-14 06:18:00,Idle
LOC_0007,VH_009,6.658642,3.219122,10.0,2024-04-04 13:56:00,
LOC_0008,VH_006,6.622992,3.557855,39.7,2024-05-07 11:59:00,Idle
LOC_0009,VH_020,6.640344,3.490833,79.6,2024-02-16 17:18:00,Idle
LOC_0010,VH_015,6.430779,3.331168,48.2,2024-04-19 05:44:00,
LOC_0011,VH_012,6.505464,3.216942,49.2,2024-04-21 08:40:00,Moving
LOC_0012,VH_006,6.422512,3.455005,76.2,2024-02-06 19:43:00,
LOC_0013,VH_012,6.41044,3.226893,29.0,2024-05-25 01:38:00,Stopped
LOC_0014,VH_003,6.603719,3.579529,45.9,2024-05-15 11:25:00,Idle
LOC_0015,VH_006,6.594868,3.299845,39.9,2024-04-09 17:07:00,Idle
LOC_0016,VH_020,6.632489,3.481615,22.8,2024-05-05 06:07:00,Stopped
LOC_0017,VH_015,6.655848,3.380817,79.8,2024-06-23 10:42:00,Idle
LOC_0018,VH_010,6.612862,3.419999,68.1,2024-06-28 20:11:00,Idle
LOC_0019,VH_005,6.552627,3.248545,18.9,2024-05-06 00:23:00,Idle
LOC_0020,VH_003,6.540222,3.593205,5.3,2024-04-11 22:46:00,
LOC_0021,VH_003,6.557709,3.507666,10.0,2024-03-22 20:04:00,
LOC_0022,VH_018,6.53975,3.406944,51.2,2024-02-16 04:27:00,Moving
LOC_0023,VH_006,6.649417,3.407241,25.8,2024-02-27 11:33:00,Idle
LOC_0024,VH_018,6.65378,3.300242,22.0,2024-06-09 09:39:00,Moving
LOC_0025,VH_005,6.550772,3.267454,13.7,2024-06-08 23:57:00,Idle
LOC_0026,VH_001,6.652759,3.425447,6.5,2024-06-13 18:16:00,Stopped
LOC_0027,VH_016,6.630088,3.366635,71.1,2024-05-19 09:41:00,Idle
LOC_0028,VH_010,6.544883,3.521875,36.3,2024-06-25 01:10:00,
LOC_0029,VH_005,6.524687,3.385777,25.0,2024-03-22 23:55:00,Idle
LOC_0030,VH_018,6.692612,3.252306,8.5,2024-03-02 14:07:00,Idle
LOC_0031,VH_013,6.534879,3.256351,69.1,2024-04-17 07:55:00,Stopped
LOC_0032,VH_007,6.644043,3.573501,61.0,2024-05-07 16:29:00,
LOC_0033,VH_013,6.663723,3.398948,40.4,2024-03-02 06:37:00,Idle
LOC_0034,VH_016,6.414597,3.312543,22.9,2024-01-03 03:27:00,Stopped
LOC_0035,VH_012,6.664737,3.491003,3.6,2024-01-14 18:35:00,Stopped
LOC_0036,VH_015,6.508757,3.315441,61.2,2024-03-12 19:43:00,Moving
LOC_0037,VH_011,6.438599,3.238673,44.6,2024-04-03 04:12:00,
LOC_0038,VH_011,6.550023,3.218121,64.3,2024-05-12 14:09:00,Stopped
LOC_0039,VH_020,6.49839,3.445227,59.1,2024-03-17 18:21:00,
LOC_0040,VH_012,6.612622,3.319916,26.5,2024-01-29 13:37:00,Idle
LOC_0041,VH_001,6.639026,3.49013,47.8,2024-03-08 20:50:00,Stopped
LOC_0042,VH_020,6.61642,3.433409,62.0,2024-04-07 04:52:00,Stopped
LOC_0043,VH_001,6.409471,3.579282,35.3,2024-04-17 04:26:00,Stopped
LOC_0044,VH_002,6.523113,3.509989,56.5,2024-05-12 06:35:00,Idle
LOC_0045,VH_006,6.699437,3.391348,36.8,2024-05-16 10:34:00,Idle
LOC_0046,VH_009,6.602761,3.547062,48.8,2024-02-19 07:17:00,Idle
LOC_0047,VH_010,6.46746,3.589164,56.4,2024-06-25 22:31:00,Idle
LOC_0048,VH_009,6.543941,3.424195,23.0,2024-05-26 21:34:00,
LOC_0049,VH_005,6.668728,3.357813,23.2,2024-03-14 22:05:00,Idle
LOC_0050,VH_007,6.677203,3.462389,16.2,2024-05-17 08:59:00,Idle
LOC_0051,VH_008,6.441182,3.446271,4.1,2024-05-15 07:40:00,Stopped
LOC_0052,VH_004,6.415747,3.365321,54.5,2024-02-05 00:35:00,Stopped
LOC_0053,VH_016,6.522072,3.574013,52.0,2024-03-14 10:18:00,Moving
LOC_0054,VH_018,6.672381,3.235784,59.1,2024-01-10 05:26:00,Stopped
LOC_0055,VH_016,6.680177,3.214536,14.9,2024-03-15 01:00:00,Idle
LOC_0056,VH_010,6.570389,3.24292,36.3,2024-06-13 17:33:00,
LOC_0057,VH_009,6.666778,3.25368,15.4,2024-01-29 10:10:00,
LOC_0058,VH_011,999.99,3.487439,63.3,2024-05-25 21:48:00,Stopped
LOC_0059,VH_014,6.452648,3.542459,41.2,2024-01-23 12:42:00,Moving
LOC_0060,VH_008,6.455434,3.256245,0.5,2024-04-08 07:28:00,Idle
LOC_0061,VH_001,6.68621,3.320778,20.9,2024-04-02 22:15:00,Moving
LOC_0062,VH_017,6.600336,3.386158,73.8,2024-06-29 09:44:00,Moving
LOC_0063,VH_008,6.591613,3.576254,17.5,2024-02-04 15:09:00,
LOC_0064,VH_018,6.62432,3.442296,73.0,2024-05-17 21:52:00,Stopped
LOC_0065,VH_003,6.628558,3.472137,42.0,2024-05-15 22:23:00,Moving
LOC_0066,VH_017,6.675173,3.244884,16.2,2024-05-17 04:10:00,Idle
LOC_0067,VH_019,6.656346,3.376736,39.1,2024-05-10 14:51:00,Moving
LOC_0068,VH_002,6.53603,3.405299,44.7,2024-06-21 09:46:00,Moving
LOC_0069,VH_019,6.518785,3.526581,5.8,2024-04-18 11:44:00,Moving
LOC_0070,VH_016,6.562349,3.224102,2.5,2024-04-14 05:49:00,Stopped
LOC_0071,VH_014,6.629748,3.591333,30.0,2024-04-07 14:55:00,
LOC_0072,VH_018,6.512694,3.473092,10.6,2024-03-30 03:11:00,
LOC_0073,VH_001,6.558653,3.491143,60.5,2024-03-17 14:43:00,
LOC_0074,VH_012,6.55958,3.529344,12.4,2024-02-18 23:48:00,Moving
LOC_0075,VH_001,6.409665,3.464079,19.3,2024-01-18 03:38:00,Moving
LOC_0076,VH_008,6.533932,3.468809,59.2,2024-04-12 14:14:00,Stopped
LOC_0077,VH_010,6.626316,3.510425,18.7,2024-05-27 10:36:00,Idle
LOC_0078,VH_017,6.471071,3.550503,17.7,2024-03-17 08:03:00,Stopped
LOC_0079,VH_012,6.587798,3.37088,75.3,2024-06-20 12:50:00,Idle
LOC_0080,VH_006,6.608893,3.363304,60.4,2024-05-01 07:54:00,Stopped
LOC_0081,VH_002,6.490221,3.483031,45.0,2024-04-16 17:33:00,Stopped
LOC_0082,VH_003,6.516526,3.301998,73.8,2024-04-04 02:34:00,Stopped
LOC_0083,VH_002,6.415461,3.350867,69.9,2024-02-18 18:46:00,Stopped
LOC_0084,VH_001,6.543818,3.54779,16.9,2024-02-18 23:07:00,
LOC_0085,VH_013,6.674332,3.478251,73.2,2024-05-21 10:49:00,Idle
LOC_0086,VH_009,6.514199,3.41346,28.8,2024-05-07 14:06:00,
LOC_0087,VH_011,6.628489,3.328093,33.1,2024-05-24 07:47:00,Stopped
LOC_0088,VH_014,6.404866,3.421325,23.6,2024-02-20 10:14:00,
LOC_0089,VH_011,6.570937,3.298292,20.6,2024-05-05 23:41:00,
LOC_0090,VH_005,6.538249,3.493109,57.6,2024-05-05 05:58:00,Moving
LOC_0091,VH_002,6.557183,3.535627,61.1,2024-04-15 04:53:00,Stopped
LOC_0092,VH_015,6.42039,3.260412,29.9,2024-06-07 20:42:00,
LOC_0093,VH_014,6.597785,3.206293,0.9,2024-05-15 23:17:00,Idle
LOC_0094,VH_006,6.405143,3.525263,8.6,2024-01-25 16:09:00,Stopped
LOC_0095,VH_009,6.45758,3.410582,63.6,2024-01-21 11:25:00,
LOC_0096,VH_003,6.569501,3.596093,52.3,2024-06-15 01:05:00,
LOC_0097,VH_001,6.513779,3.421081,56.2,2024-01-22 15:54:00,
LOC_0098,VH_004,6.593472,3.332508,71.6,2024-01-11 07:13:00,
LOC_0099,VH_009,6.481329,3.569664,71.9,2024-05-24 21:02:00,Stopped
LOC_0100,VH_019,6.67863,3.325794,11.5,2024-04-11 02:19:00,Stopped
LOC_0101,VH_018,6.569187,3.426678,26.5,2024-02-05 22:46:00,Moving
LOC_0102,VH_014,6.550238,3.589729,18.6,2024-01-20 10:38:00,
LOC_0103,VH_015,6.690676,3.330551,39.2,2024-04-01 17:24:00,
LOC_0104,VH_020,6.455721,3.43435,23.6,2024-03-04 22:04:00,Moving
LOC_0105,VH_005,6.480392,3.352,59.2,2024-03-22 11:06:00,Moving
LOC_0106,VH_009,6.401559,3.323307,8.2,2024-01-23 05:27:00,
LOC_0107,VH_003,6.567096,3.404976,28.3,2024-01-24 19:38:00,Idle
LOC_0108,VH_003,6.659115,3.204936,58.0,2024-05-23 07:36:00,Stopped
LOC_0109,VH_009,6.605595,3.267801,39.4,2024-01-17 05:27:00,Idle
LOC_0110,VH_009,6.526331,3.393693,75.5,2024-06-09 15:38:00,Stopped
LOC_0111,VH_013,999.99,3.254196,26.6,2024-06-07 12:51:00,Idle
LOC_0112,VH_020,6.532067,3.372246,10.9,2024-03-23 19:44:00,Stopped
LOC_0113,VH_011,6.543703,3.271055,23.3,2024-06-26 20:31:00,Stopped
LOC_0114,VH_012,6.497766,3.31212,9.1,2024-05-24 06:37:00,Stopped
LOC_0115,VH_015,6.604514,3.42004,75.4,2024-02-23 14:51:00,Idle
LOC_0116,VH_014,6.649385,3.227663,53.8,2024-02-05 20:19:00,Stopped
LOC_0117,VH_013,6.475805,3.261657,5.9,2024-06-02 15:37:00,
LOC_0118,VH_014,6.56031,3.569398,43.5,2024-04-02 22:57:00,Moving
LOC_0119,VH_006,6.432811,3.299292,51.8,2024-01-12 18:41:00,
LOC_0120,VH_004,6.690043,3.332639,0.8,2024-03-07 07:32:00,Stopped
LOC_0121,VH_019,6.533734,3.356454,55.2,2024-02-08 11:01:00,
LOC_0122,VH_004,6.431365,3.36639,66.5,2024-02-06 11:19:00,Idle
LOC_0123,VH_016,6.5366,3.282747,7.8,2024-06-27 14:20:00,Moving
LOC_0124,VH_011,6.490079,3.524074,51.8,2024-06-22 05:59:00,Stopped
LOC_0125,VH_014,6.554798,3.420764,76.7,2024-02-29 12:40:00,Stopped
LOC_0126,VH_020,6.455916,3.462923,70.6,2024-04-25 18:27:00,
LOC_0127,VH_003,6.401335,3.285918,46.2,2024-05-17 05:23:00,Idle
LOC_0128,VH_016,6.459122,3.245582,42.2,2024-06-12 10:38:00,
LOC_0129,VH_015,6.583393,3.434802,49.4,2024-06-21 22:51:00,Idle
LOC_0130,VH_011,6.675605,3.436067,9.4,2024-03-19 03:11:00,Idle
LOC_0131,VH_005,6.608031,3.40433,46.0,2024-04-18 05:31:00,Stopped
LOC_0132,VH_011,6.566474,3.395857,67.4,2024-06-07 01:55:00,Idle
LOC_0133,VH_013,6.685553,3.393844,77.1,2024-05-09 20:31:00,
LOC_0134,VH_016,6.605409,3.366252,13.4,2024-05-24 00:50:00,Stopped
LOC_0135,VH_006,6.487627,3.309941,62.5,2024-05-24 23:49:00,
LOC_0136,VH_018,6.564918,3.245284,65.9,2024-04-03 17:52:00,Moving
LOC_0137,VH_014,6.628001,3.376547,8.2,2024-06-16 07:19:00,Moving
LOC_0138,VH_015,6.53492,3.339431,69.2,2024-01-31 07:13:00,Idle
LOC_0139,VH_020,6.658315,3.444105,11.1,2024-02-22 06:51:00,Moving
LOC_0140,VH_006,6.571022,3.412912,25.9,2024-06-29 09:18:00,Idle
LOC_0141,VH_004,6.685719,3.405766,10.8,2024-04-15 01:17:00,Stopped
LOC_0142,VH_011,6.610428,3.253076,66.3,2024-06-22 12:31:00,Stopped
LOC_0143,VH_015,6.573228,3.307487,6.0,2024-01-24 12:32:00,Idle
LOC_0144,VH_016,6.608411,3.550927,26.2,2024-01-01 23:05:00,
LOC_0145,VH_018,6.590452,3.478916,31.8,2024-04-19 06:31:00,Idle
LOC_0146,VH_005,6.49686,3.313437,45.3,2024-05-04 10:57:00,Moving
LOC_0147,VH_001,6.413783,3.450472,9.9,2024-02-10 14:29:00,Moving
LOC_0148,VH_005,6.697551,3.37112,70.6,2024-03-18 05:55:00,Idle
LOC_0149,VH_006,6.428002,3.344174,4.1,2024-06-09 09:46:00,Stopped
LOC_0150,VH_007,6.528769,3.23648,38.1,2024-02-03 18:14:00,
